"","Sex","Education","MCKFAM","DRUGFRST","CATAGE","MCKILL","J12"
"1","Male","Less_than_HS","No","Yes","26_to_34","Yes",0
"2","Male","Less_than_HS","No","Yes","35_or_older","No",0
"3","Male","Less_than_HS","No","Yes","35_or_older","Yes",0
"4","Male","HSGrad","No","Yes","18_to_25","Yes",0
"5","Male","Some_College","No","Yes","35_or_older","Yes",1
"6","Male","Less_than_HS","No","Yes","26_to_34","Yes",0
"7","Male","Some_College","No","Yes","26_to_34","No",0
"8","Male","Less_than_HS","Yes","Yes","26_to_34","Yes",2
"9","Female","HSGrad","No","Yes","26_to_34","Yes",0
"10","Male","Less_than_HS","No","No","35_or_older","No",0
"11","Male","Less_than_HS","No","No","26_to_34","Yes",0
"12","Male","Less_than_HS","No","Yes","35_or_older","Yes",1
"13","Male","Less_than_HS","No","Yes","18_to_25","No",0
"14","Male","Less_than_HS","No","Yes","18_to_25","Yes",0
"15","Male","Less_than_HS","No","No","26_to_34","Yes",0
"16","Female","Less_than_HS","No","Yes","35_or_older","Yes",2
"17","Male","Less_than_HS","Yes","Yes","26_to_34","Yes",2
"18","Male","Less_than_HS","No","No","35_or_older","Yes",0
"19","Female","Less_than_HS","Yes","Yes","26_to_34","Yes",3
"20","Male","Less_than_HS","No","Yes","35_or_older","Yes",0
"21","Male","Some_College","No","Yes","35_or_older","Yes",0
"22","Male","Less_than_HS","No","Yes","26_to_34","Yes",0
"23","Male","Some_College","No","Yes","35_or_older","Yes",0
"24","Male","Less_than_HS","No","Yes","26_to_34","Yes",1
"25","Male","Less_than_HS","No","Yes","35_or_older","Yes",0
"26","Male","Less_than_HS","No","Yes","35_or_older","Yes",0
"27","Male","Less_than_HS","No","Yes","35_or_older","Yes",4
"28","Male","HSGrad","No","Yes","26_to_34","Yes",0
"29","Male","Less_than_HS","No","Yes","18_to_25","No",0
"30","Male","Less_than_HS","No","No","26_to_34","No",0
"31","Male","HSGrad","No","Yes","26_to_34","Yes",0
"32","Male","HSGrad","No","Yes","35_or_older","Yes",3
"33","Male","Some_College","No","Yes","26_to_34","No",0
"34","Male","HSGrad","No","No","26_to_34","Yes",2
"35","Male","Less_than_HS","No","Yes","35_or_older","Yes",0
"36","Male","Less_than_HS","No","Yes","35_or_older","No",0
"37","Male","Less_than_HS","No","Yes","26_to_34","Yes",2
"38","Male","HSGrad","No","Yes","35_or_older","No",3
"39","Male","HSGrad","No","Yes","26_to_34","Yes",0
"40","Male","Less_than_HS","No","Yes","35_or_older","Yes",2
"41","Male","Less_than_HS","No","Yes","35_or_older","Yes",2
"42","Male","HSGrad","No","Yes","26_to_34","Yes",1
"43","Male","Some_College","No","Yes","35_or_older","No",0
"44","Female","HSGrad","Yes","No","18_to_25","Yes",2
"45","Male","HSGrad","No","Yes","35_or_older","Yes",0
"46","Female","HSGrad","No","Yes","35_or_older","Yes",0
"47","Female","Less_than_HS","No","Yes","26_to_34","Yes",0
"48","Male","HSGrad","No","Yes","18_to_25","Yes",0
"49","Male","Less_than_HS","No","Yes","26_to_34","No",0
"50","Male","HSGrad","No","Yes","26_to_34","No",0
"51","Female","Some_College","No","Yes","35_or_older","Yes",0
"52","Male","Some_College","No","Yes","35_or_older","Yes",0
"53","Male","Some_College","Yes","Yes","35_or_older","Yes",1
"54","Male","Less_than_HS","No","Yes","35_or_older","Yes",0
"55","Male","HSGrad","No","Yes","35_or_older","Yes",2
"56","Male","HSGrad","No","Yes","26_to_34","Yes",1
"57","Male","Less_than_HS","No","Yes","18_to_25","Yes",0
"58","Male","HSGrad","No","No","35_or_older","Yes",4
"59","Male","HSGrad","No","Yes","26_to_34","Yes",0
"60","Male","Less_than_HS","No","Yes","35_or_older","Yes",1
"61","Female","Less_than_HS","No","Yes","26_to_34","Yes",2
"62","Male","Less_than_HS","No","Yes","35_or_older","Yes",0
"63","Male","HSGrad","No","Yes","35_or_older","No",2
"64","Male","HSGrad","No","Yes","18_to_25","Yes",0
"65","Male","Some_College","No","Yes","26_to_34","Yes",1
"66","Male","HSGrad","No","Yes","26_to_34","Yes",0
"67","Male","HSGrad","Yes","Yes","18_to_25","Yes",1
"68","Male","Less_than_HS","No","Yes","35_or_older","Yes",0
"69","Male","Some_College","No","Yes","35_or_older","No",3
"70","Male","HSGrad","No","Yes","26_to_34","Yes",0
"71","Male","HSGrad","No","Yes","35_or_older","Yes",0
"72","Male","HSGrad","No","No","26_to_34","No",0
"73","Male","Some_College","No","Yes","35_or_older","Yes",0
"74","Male","Some_College","No","Yes","26_to_34","Yes",0
"75","Male","Some_College","No","Yes","26_to_34","Yes",0
"76","Male","Less_than_HS","No","Yes","35_or_older","Yes",2
"77","Male","Some_College","No","Yes","35_or_older","Yes",2
"78","Male","Less_than_HS","No","Yes","26_to_34","No",1
"79","Male","HSGrad","No","Yes","26_to_34","Yes",1
"80","Male","Less_than_HS","No","Yes","35_or_older","Yes",3
"81","Male","Less_than_HS","No","Yes","35_or_older","Yes",1
"82","Male","Some_College","No","Yes","35_or_older","Yes",2
"83","Male","HSGrad","No","Yes","26_to_34","Yes",0
"84","Male","HSGrad","No","No","35_or_older","Yes",1
"85","Male","Less_than_HS","No","Yes","18_to_25","No",0
"86","Male","Less_than_HS","No","Yes","26_to_34","No",2
"87","Male","HSGrad","No","Yes","35_or_older","Yes",2
"88","Male","HSGrad","No","Yes","35_or_older","No",2
"89","Male","Less_than_HS","Yes","Yes","26_to_34","Yes",4
"90","Female","Some_College","No","Yes","35_or_older","No",0
"91","Female","Less_than_HS","No","Yes","26_to_34","Yes",4
"92","Female","College_Grad","No","No","26_to_34","Yes",2
"93","Male","Less_than_HS","No","Yes","35_or_older","Yes",0
"94","Male","College_Grad","No","Yes","35_or_older","No",0
"95","Male","Less_than_HS","No","Yes","35_or_older","Yes",1
"96","Male","Less_than_HS","No","Yes","35_or_older","No",0
"97","Male","Some_College","No","Yes","35_or_older","Yes",0
"98","Male","HSGrad","Yes","Yes","35_or_older","Yes",1
"99","Male","Some_College","No","Yes","35_or_older","No",0
"100","Male","College_Grad","No","Yes","35_or_older","No",1
"101","Male","HSGrad","No","Yes","18_to_25","No",0
"102","Male","Less_than_HS","No","Yes","26_to_34","Yes",0
"103","Male","Some_College","No","Yes","35_or_older","Yes",2
"104","Male","Some_College","No","Yes","35_or_older","Yes",2
"105","Male","Some_College","No","Yes","26_to_34","Yes",0
"106","Male","HSGrad","No","Yes","35_or_older","No",1
"107","Male","Some_College","No","Yes","26_to_34","No",0
"108","Male","HSGrad","No","Yes","26_to_34","No",0
"109","Male","HSGrad","No","Yes","35_or_older","No",6
"110","Male","HSGrad","No","Yes","26_to_34","Yes",0
"111","Male","HSGrad","No","Yes","35_or_older","Yes",0
"112","Male","Some_College","No","Yes","35_or_older","Yes",1
"113","Male","HSGrad","No","Yes","26_to_34","Yes",0
"114","Female","Some_College","No","Yes","35_or_older","Yes",2
"115","Male","Less_than_HS","No","Yes","26_to_34","Yes",1
"116","Male","Less_than_HS","No","Yes","35_or_older","Yes",0
"117","Male","Less_than_HS","No","Yes","35_or_older","Yes",1
"118","Male","Some_College","No","Yes","26_to_34","No",2
"119","Male","Less_than_HS","No","Yes","26_to_34","Yes",1
"120","Male","Some_College","No","Yes","26_to_34","Yes",1
"121","Female","College_Grad","No","Yes","35_or_older","Yes",0
"122","Male","Less_than_HS","Yes","Yes","26_to_34","No",4
"123","Female","Less_than_HS","Yes","Yes","18_to_25","Yes",3
"124","Female","HSGrad","No","No","18_to_25","Yes",1
"125","Male","Less_than_HS","No","No","35_or_older","No",2
"126","Male","HSGrad","No","Yes","35_or_older","No",0
"127","Male","HSGrad","No","Yes","26_to_34","Yes",0
"128","Male","Less_than_HS","No","Yes","26_to_34","Yes",3
"129","Male","HSGrad","No","Yes","35_or_older","Yes",0
"130","Male","Less_than_HS","No","Yes","35_or_older","Yes",2
"131","Male","HSGrad","No","Yes","35_or_older","No",0
"132","Male","Less_than_HS","No","Yes","26_to_34","No",0
"133","Male","HSGrad","No","No","26_to_34","No",0
"134","Female","HSGrad","No","Yes","26_to_34","Yes",0
"135","Male","HSGrad","No","No","26_to_34","No",0
"136","Male","Less_than_HS","No","Yes","26_to_34","Yes",1
"137","Male","Less_than_HS","No","Yes","26_to_34","No",0
"138","Male","HSGrad","No","Yes","35_or_older","No",4
"139","Male","Less_than_HS","No","Yes","35_or_older","Yes",0
"140","Male","HSGrad","No","Yes","35_or_older","No",1
"141","Male","HSGrad","No","Yes","35_or_older","Yes",0
"142","Male","Less_than_HS","No","No","35_or_older","Yes",1
"143","Female","Less_than_HS","No","Yes","35_or_older","Yes",1
"144","Male","Some_College","No","Yes","35_or_older","Yes",3
"145","Male","HSGrad","No","Yes","35_or_older","Yes",0
"146","Male","Less_than_HS","No","Yes","26_to_34","No",2
"147","Female","Some_College","No","Yes","35_or_older","Yes",0
"148","Male","Less_than_HS","No","Yes","35_or_older","Yes",2
"149","Male","Less_than_HS","No","No","26_to_34","No",0
"150","Male","College_Grad","No","Yes","35_or_older","Yes",0
"151","Male","HSGrad","No","Yes","35_or_older","Yes",0
"152","Male","Some_College","No","Yes","26_to_34","Yes",2
"153","Male","HSGrad","Yes","Yes","18_to_25","No",1
"154","Female","Some_College","Yes","Yes","26_to_34","Yes",2
"155","Male","NA","No","No","12_to_17","Yes",0
"156","Female","HSGrad","Yes","No","18_to_25","Yes",2
"157","Female","HSGrad","No","Yes","18_to_25","Yes",1
"158","Male","Some_College","No","Yes","26_to_34","No",0
"159","Male","HSGrad","No","Yes","35_or_older","No",0
"160","Male","Some_College","No","Yes","35_or_older","Yes",0
"161","Female","HSGrad","Yes","Yes","26_to_34","No",3
"162","Female","Less_than_HS","Yes","Yes","26_to_34","Yes",3
"163","Male","HSGrad","No","Yes","26_to_34","Yes",0
"164","Female","Less_than_HS","Yes","Yes","26_to_34","Yes",4
"165","Female","Less_than_HS","Yes","Yes","26_to_34","Yes",6
"166","Male","College_Grad","Yes","Yes","26_to_34","Yes",1
"167","Male","Less_than_HS","No","Yes","26_to_34","Yes",0
"168","Male","Some_College","No","Yes","35_or_older","Yes",0
"169","Female","HSGrad","No","Yes","26_to_34","Yes",3
"170","Female","Less_than_HS","Yes","No","18_to_25","Yes",4
"171","Female","Less_than_HS","No","Yes","35_or_older","Yes",1
"172","Female","Less_than_HS","No","No","26_to_34","Yes",1
"173","Female","HSGrad","No","Yes","35_or_older","Yes",1
"174","Male","HSGrad","No","Yes","26_to_34","Yes",0
"175","Male","Some_College","Yes","Yes","35_or_older","No",2
"176","Male","HSGrad","No","Yes","26_to_34","No",1
"177","Male","HSGrad","Yes","Yes","26_to_34","Yes",1
"178","Male","Less_than_HS","No","Yes","35_or_older","Yes",0
"179","Male","HSGrad","No","Yes","18_to_25","Yes",0
"180","Male","Less_than_HS","No","Yes","26_to_34","Yes",1
"181","Male","Some_College","Yes","Yes","35_or_older","No",4
"182","Male","Some_College","No","Yes","35_or_older","No",0
"183","Male","HSGrad","No","Yes","26_to_34","Yes",1
"184","Male","HSGrad","No","Yes","35_or_older","Yes",2
"185","Male","Some_College","No","Yes","35_or_older","Yes",2
"186","Female","Some_College","Yes","Yes","18_to_25","Yes",2
"187","Female","Less_than_HS","Yes","No","35_or_older","No",2
"188","Female","HSGrad","Yes","Yes","26_to_34","Yes",2
"189","Female","HSGrad","No","Yes","35_or_older","Yes",2
"190","Female","HSGrad","Yes","Yes","26_to_34","Yes",2
"191","Female","College_Grad","Yes","Yes","18_to_25","Yes",1
"192","Female","HSGrad","No","Yes","26_to_34","Yes",3
"193","Female","Less_than_HS","Yes","Yes","26_to_34","No",3
"194","Male","HSGrad","No","Yes","35_or_older","Yes",0
"195","Female","Less_than_HS","Yes","Yes","18_to_25","Yes",2
"196","Female","Less_than_HS","Yes","Yes","26_to_34","Yes",6
"197","Female","HSGrad","Yes","Yes","26_to_34","Yes",4
"198","Female","HSGrad","No","Yes","18_to_25","Yes",0
"199","Female","HSGrad","No","Yes","35_or_older","Yes",0
"200","Female","Less_than_HS","No","Yes","26_to_34","No",0
"201","Female","HSGrad","No","Yes","35_or_older","Yes",0
"202","Male","HSGrad","No","Yes","35_or_older","Yes",1
"203","Male","HSGrad","Yes","Yes","26_to_34","Yes",5
"204","Female","NA","No","No","12_to_17","Yes",0
"205","Female","Less_than_HS","Yes","Yes","35_or_older","Yes",2
"206","Male","HSGrad","Yes","Yes","26_to_34","Yes",2
"207","Female","HSGrad","Yes","Yes","26_to_34","No",2
"208","Female","Less_than_HS","Yes","Yes","26_to_34","Yes",3
"209","Female","Less_than_HS","Yes","Yes","18_to_25","Yes",2
"210","Female","Some_College","Yes","Yes","35_or_older","Yes",3
"211","Female","HSGrad","Yes","Yes","26_to_34","Yes",3
"212","Male","Less_than_HS","Yes","Yes","35_or_older","Yes",3
"213","Male","Some_College","Yes","Yes","35_or_older","Yes",3
"214","Female","Some_College","No","Yes","35_or_older","Yes",0
"215","Male","HSGrad","No","Yes","18_to_25","Yes",0
"216","Female","HSGrad","Yes","Yes","35_or_older","Yes",1
"217","Female","Some_College","Yes","Yes","35_or_older","Yes",2
"218","Male","Less_than_HS","No","Yes","26_to_34","Yes",3
"219","Male","Some_College","No","Yes","26_to_34","No",2
"220","Male","HSGrad","No","Yes","35_or_older","Yes",1
"221","Male","HSGrad","Yes","Yes","35_or_older","Yes",4
"222","Male","Some_College","No","Yes","35_or_older","Yes",0
"223","Male","Less_than_HS","Yes","Yes","18_to_25","Yes",2
"224","Female","HSGrad","Yes","Yes","18_to_25","Yes",2
"225","Female","Less_than_HS","No","Yes","35_or_older","Yes",0
"226","Female","Less_than_HS","No","Yes","35_or_older","Yes",0
"227","Female","Less_than_HS","Yes","Yes","26_to_34","Yes",2
"228","Male","Some_College","No","Yes","35_or_older","Yes",0
"229","Male","HSGrad","No","Yes","26_to_34","Yes",1
"230","Female","Less_than_HS","No","Yes","26_to_34","Yes",2
"231","Male","HSGrad","Yes","Yes","26_to_34","Yes",2
"232","Male","Less_than_HS","No","Yes","18_to_25","Yes",0
"233","Female","HSGrad","Yes","Yes","18_to_25","Yes",2
"234","Male","HSGrad","Yes","Yes","26_to_34","Yes",1
"235","Female","Less_than_HS","Yes","Yes","26_to_34","Yes",2
"236","Male","Some_College","No","Yes","35_or_older","Yes",0
"237","Male","Less_than_HS","No","Yes","35_or_older","Yes",1
"238","Male","Less_than_HS","No","Yes","26_to_34","Yes",2
"239","Male","HSGrad","Yes","Yes","26_to_34","Yes",1
"240","Female","Less_than_HS","Yes","Yes","26_to_34","Yes",3
"241","Male","HSGrad","No","Yes","35_or_older","Yes",0
"242","Male","HSGrad","No","Yes","35_or_older","No",1
"243","Male","Less_than_HS","No","Yes","26_to_34","Yes",0
"244","Male","HSGrad","No","Yes","18_to_25","Yes",0
"245","Male","HSGrad","Yes","No","26_to_34","Yes",2
"246","Male","Some_College","No","Yes","35_or_older","Yes",1
"247","Male","HSGrad","No","Yes","35_or_older","Yes",0
"248","Male","Less_than_HS","No","No","35_or_older","Yes",1
"249","Male","Less_than_HS","No","Yes","26_to_34","No",0
"250","Male","HSGrad","No","Yes","35_or_older","Yes",1
"251","Male","Some_College","No","Yes","35_or_older","Yes",1
"252","Male","Some_College","No","Yes","35_or_older","No",1
"253","Male","Less_than_HS","Yes","No","26_to_34","No",3
"254","Male","College_Grad","No","Yes","35_or_older","Yes",6
"255","Male","HSGrad","No","Yes","26_to_34","Yes",0
"256","Male","HSGrad","No","Yes","35_or_older","Yes",5
"257","Female","HSGrad","Yes","Yes","26_to_34","Yes",5
"258","Female","Less_than_HS","Yes","Yes","18_to_25","No",1
"259","Female","Less_than_HS","Yes","Yes","26_to_34","Yes",5
"260","Male","Less_than_HS","No","Yes","35_or_older","Yes",0
"261","Male","HSGrad","No","Yes","26_to_34","Yes",0
"262","Female","Less_than_HS","No","Yes","35_or_older","Yes",0
"263","Female","HSGrad","No","Yes","26_to_34","Yes",0
"264","Male","College_Grad","No","Yes","26_to_34","Yes",0
"265","Male","Some_College","No","Yes","35_or_older","No",0
"266","Male","Some_College","No","Yes","35_or_older","Yes",0
"267","Male","HSGrad","No","Yes","35_or_older","Yes",1
"268","Male","Some_College","No","Yes","35_or_older","Yes",0
"269","Female","Less_than_HS","Yes","No","18_to_25","Yes",3
"270","Male","Some_College","No","Yes","35_or_older","Yes",0
"271","Female","HSGrad","No","No","18_to_25","Yes",2
"272","Male","Less_than_HS","No","Yes","18_to_25","Yes",0
"273","Female","HSGrad","Yes","Yes","26_to_34","Yes",2
"274","Male","Some_College","Yes","No","35_or_older","Yes",2
"275","Male","HSGrad","No","Yes","26_to_34","Yes",7
"276","Male","Some_College","No","Yes","26_to_34","Yes",0
"277","Male","Less_than_HS","No","Yes","35_or_older","Yes",0
"278","Male","College_Grad","No","Yes","26_to_34","Yes",0
"279","Male","HSGrad","No","Yes","35_or_older","Yes",3
"280","Male","Less_than_HS","No","Yes","18_to_25","Yes",1
"281","Male","Some_College","Yes","Yes","35_or_older","Yes",1
"282","Female","HSGrad","No","Yes","26_to_34","Yes",3
"283","Female","Some_College","Yes","Yes","26_to_34","Yes",1
"284","Female","Some_College","No","Yes","26_to_34","Yes",0
"285","Male","HSGrad","Yes","No","26_to_34","Yes",2
"286","Female","Some_College","No","Yes","35_or_older","No",0
"287","Male","HSGrad","No","Yes","35_or_older","Yes",1
"288","Male","Some_College","No","Yes","26_to_34","No",0
"289","Male","HSGrad","No","Yes","26_to_34","Yes",0
"290","Male","Some_College","No","Yes","35_or_older","Yes",0
"291","Male","Less_than_HS","No","Yes","35_or_older","Yes",0
"292","Male","Less_than_HS","No","Yes","35_or_older","Yes",1
"293","Male","Less_than_HS","Yes","Yes","26_to_34","Yes",1
"294","Male","HSGrad","No","Yes","26_to_34","Yes",2
"295","Male","Less_than_HS","No","Yes","35_or_older","Yes",1
"296","Male","Less_than_HS","Yes","Yes","35_or_older","Yes",3
"297","Male","HSGrad","No","No","26_to_34","No",2
"298","Female","HSGrad","No","Yes","18_to_25","Yes",0
"299","Male","Less_than_HS","No","No","35_or_older","Yes",2
"300","Male","Some_College","No","Yes","26_to_34","Yes",1
"301","Male","HSGrad","No","Yes","18_to_25","Yes",1
"302","Male","HSGrad","No","Yes","26_to_34","Yes",1
"303","Male","Less_than_HS","No","Yes","18_to_25","Yes",0
"304","Female","Less_than_HS","No","Yes","35_or_older","Yes",0
"305","Male","Less_than_HS","No","Yes","26_to_34","Yes",0
"306","Male","Less_than_HS","No","Yes","18_to_25","Yes",1
"307","Male","Less_than_HS","No","Yes","26_to_34","Yes",0
"308","Male","College_Grad","No","Yes","35_or_older","No",2
"309","Male","HSGrad","No","Yes","26_to_34","Yes",0
"310","Male","Some_College","No","Yes","35_or_older","Yes",0
"311","Male","HSGrad","No","Yes","35_or_older","Yes",0
"312","Male","HSGrad","No","Yes","35_or_older","Yes",0
"313","Male","Some_College","No","Yes","35_or_older","No",0
"314","Male","Less_than_HS","Yes","Yes","35_or_older","No",4
"315","Female","HSGrad","Yes","Yes","35_or_older","Yes",2
"316","Female","HSGrad","No","No","18_to_25","Yes",2
"317","Female","HSGrad","Yes","Yes","18_to_25","Yes",1
"318","Male","Some_College","No","Yes","35_or_older","Yes",1
"319","Male","Some_College","No","Yes","26_to_34","Yes",0
"320","Female","Less_than_HS","No","Yes","35_or_older","Yes",2
"321","Female","HSGrad","Yes","Yes","26_to_34","Yes",2
"322","Male","College_Grad","No","Yes","35_or_older","Yes",0
"323","Female","HSGrad","Yes","Yes","26_to_34","Yes",2
"324","Female","Less_than_HS","Yes","Yes","26_to_34","Yes",4
"325","Female","HSGrad","Yes","Yes","26_to_34","Yes",2
"326","Female","HSGrad","No","Yes","26_to_34","Yes",0
"327","Female","HSGrad","Yes","Yes","26_to_34","Yes",3
"328","Male","Less_than_HS","No","No","26_to_34","Yes",3
"329","Male","Some_College","No","Yes","35_or_older","Yes",0
"330","Male","HSGrad","No","Yes","18_to_25","No",1
"331","Male","Less_than_HS","No","Yes","26_to_34","No",1
"332","Male","HSGrad","No","Yes","26_to_34","Yes",0
"333","Male","Less_than_HS","No","Yes","18_to_25","Yes",1
"334","Male","Less_than_HS","No","Yes","26_to_34","Yes",0
"335","Male","HSGrad","No","Yes","26_to_34","Yes",1
"336","Male","HSGrad","No","Yes","35_or_older","Yes",1
"337","Female","Less_than_HS","No","Yes","26_to_34","Yes",1
"338","Male","HSGrad","No","Yes","35_or_older","Yes",0
"339","Male","Less_than_HS","Yes","Yes","35_or_older","Yes",2
"340","Male","Less_than_HS","No","Yes","35_or_older","Yes",0
"341","Female","HSGrad","Yes","Yes","26_to_34","Yes",3
"342","Female","Less_than_HS","Yes","Yes","26_to_34","Yes",3
"343","Male","Less_than_HS","Yes","Yes","26_to_34","No",2
"344","Female","Less_than_HS","Yes","No","18_to_25","Yes",2
"345","Female","HSGrad","Yes","Yes","26_to_34","Yes",3
"346","Female","Less_than_HS","Yes","Yes","26_to_34","Yes",4
"347","Female","Less_than_HS","Yes","Yes","26_to_34","Yes",3
"348","Female","Less_than_HS","Yes","Yes","26_to_34","No",2
"349","Female","HSGrad","Yes","Yes","26_to_34","No",2
"350","Female","Less_than_HS","Yes","Yes","18_to_25","Yes",1
"351","Male","Less_than_HS","No","Yes","35_or_older","Yes",2
"352","Male","HSGrad","No","Yes","35_or_older","No",1
"353","Male","HSGrad","No","Yes","35_or_older","No",1
"354","Male","College_Grad","No","Yes","35_or_older","Yes",0
"355","Female","HSGrad","Yes","Yes","18_to_25","No",2
"356","Female","HSGrad","No","Yes","35_or_older","Yes",1
"357","Female","HSGrad","No","Yes","18_to_25","Yes",0
"358","Female","Some_College","Yes","Yes","26_to_34","No",3
"359","Female","Some_College","No","Yes","18_to_25","Yes",0
"360","Female","HSGrad","Yes","Yes","26_to_34","Yes",5
"361","Female","HSGrad","Yes","Yes","26_to_34","Yes",2
"362","Female","HSGrad","Yes","Yes","26_to_34","Yes",1
"363","Female","Less_than_HS","Yes","Yes","18_to_25","Yes",3
"364","Female","HSGrad","No","Yes","26_to_34","Yes",1
"365","Female","HSGrad","No","Yes","18_to_25","No",1
"366","Female","HSGrad","Yes","Yes","26_to_34","Yes",3
"367","Female","HSGrad","No","Yes","35_or_older","Yes",0
"368","Female","Less_than_HS","Yes","Yes","35_or_older","Yes",5
"369","Female","Less_than_HS","Yes","Yes","26_to_34","Yes",3
"370","Female","College_Grad","Yes","Yes","18_to_25","Yes",2
"371","Female","HSGrad","Yes","Yes","26_to_34","Yes",2
"372","Male","Some_College","Yes","Yes","26_to_34","Yes",4
"373","Female","HSGrad","Yes","No","26_to_34","Yes",2
"374","Female","Less_than_HS","Yes","Yes","26_to_34","No",2
"375","Female","Less_than_HS","Yes","Yes","26_to_34","Yes",4
"376","Male","HSGrad","No","Yes","18_to_25","No",1
"377","Male","Less_than_HS","No","Yes","26_to_34","No",0
"378","Female","Less_than_HS","No","Yes","35_or_older","Yes",1
"379","Male","Less_than_HS","No","Yes","35_or_older","No",1
"380","Female","Less_than_HS","Yes","Yes","18_to_25","Yes",1
"381","Female","Less_than_HS","Yes","Yes","26_to_34","No",4
"382","Female","HSGrad","Yes","Yes","26_to_34","Yes",2
"383","Female","HSGrad","Yes","Yes","26_to_34","Yes",2
"384","Female","Less_than_HS","Yes","Yes","18_to_25","Yes",4
"385","Female","Less_than_HS","Yes","Yes","26_to_34","No",2
"386","Female","Less_than_HS","Yes","Yes","18_to_25","Yes",2
"387","Female","Less_than_HS","Yes","Yes","35_or_older","Yes",3
"388","Female","Less_than_HS","Yes","Yes","35_or_older","No",2
"389","Female","Less_than_HS","Yes","Yes","18_to_25","No",1
"390","Female","Less_than_HS","Yes","Yes","35_or_older","No",2
"391","Female","Less_than_HS","Yes","Yes","18_to_25","Yes",1
"392","Male","HSGrad","No","Yes","18_to_25","Yes",0
"393","Female","HSGrad","Yes","Yes","26_to_34","Yes",1
"394","Male","Less_than_HS","Yes","Yes","26_to_34","Yes",2
"395","Male","HSGrad","No","Yes","18_to_25","Yes",0
"396","Male","HSGrad","No","Yes","35_or_older","Yes",0
"397","Male","Some_College","No","Yes","35_or_older","Yes",0
"398","Male","HSGrad","No","Yes","26_to_34","No",2
"399","Male","Less_than_HS","No","Yes","35_or_older","Yes",2
"400","Male","Less_than_HS","No","Yes","35_or_older","Yes",0
"401","Male","HSGrad","No","Yes","35_or_older","Yes",2
"402","Male","Less_than_HS","No","Yes","26_to_34","No",0
"403","Female","College_Grad","Yes","Yes","35_or_older","Yes",1
"404","Female","Less_than_HS","Yes","Yes","18_to_25","Yes",2
"405","Female","Less_than_HS","Yes","Yes","26_to_34","Yes",2
"406","Female","Less_than_HS","Yes","Yes","26_to_34","Yes",7
"407","Female","Less_than_HS","Yes","No","18_to_25","Yes",2
"408","Female","Less_than_HS","No","Yes","35_or_older","Yes",0
"409","Female","Some_College","No","Yes","35_or_older","Yes",2
"410","Female","HSGrad","Yes","Yes","18_to_25","No",1
"411","Female","HSGrad","Yes","Yes","18_to_25","Yes",1
"412","Female","HSGrad","Yes","Yes","26_to_34","Yes",5
"413","Female","Less_than_HS","Yes","Yes","26_to_34","Yes",5
"414","Male","HSGrad","Yes","Yes","26_to_34","Yes",3
"415","Male","HSGrad","No","Yes","26_to_34","No",0
"416","Male","Less_than_HS","No","Yes","26_to_34","No",2
"417","Male","Less_than_HS","No","Yes","26_to_34","No",1
"418","Female","HSGrad","Yes","Yes","35_or_older","Yes",3
"419","Female","HSGrad","Yes","Yes","26_to_34","Yes",3
"420","Male","Less_than_HS","No","Yes","26_to_34","Yes",0
"421","Male","HSGrad","No","Yes","26_to_34","Yes",3
"422","Male","Less_than_HS","No","Yes","26_to_34","Yes",1
"423","Male","Some_College","No","Yes","35_or_older","Yes",0
"424","Male","Some_College","No","Yes","35_or_older","No",2
"425","Female","HSGrad","No","Yes","26_to_34","No",0
"426","Female","HSGrad","No","Yes","26_to_34","No",0
"427","Female","HSGrad","Yes","Yes","35_or_older","Yes",2
"428","Female","HSGrad","Yes","No","18_to_25","Yes",2
"429","Female","HSGrad","Yes","Yes","26_to_34","Yes",3
"430","Female","HSGrad","Yes","Yes","26_to_34","No",2
"431","Male","HSGrad","Yes","Yes","26_to_34","Yes",3
"432","Female","HSGrad","Yes","Yes","26_to_34","Yes",2
"433","Female","Some_College","Yes","Yes","35_or_older","Yes",1
"434","Female","Less_than_HS","Yes","Yes","35_or_older","Yes",4
"435","Female","HSGrad","Yes","Yes","18_to_25","Yes",2
"436","Male","Less_than_HS","Yes","Yes","35_or_older","Yes",2
"437","Male","Less_than_HS","No","Yes","26_to_34","No",0
"438","Male","Less_than_HS","No","Yes","26_to_34","No",1
"439","Male","HSGrad","No","Yes","26_to_34","No",2
"440","Male","HSGrad","No","Yes","35_or_older","Yes",1
"441","Male","HSGrad","No","Yes","35_or_older","Yes",3
"442","Male","Less_than_HS","No","Yes","26_to_34","No",2
"443","Female","HSGrad","Yes","Yes","18_to_25","Yes",1
"444","Female","HSGrad","Yes","Yes","26_to_34","Yes",5
"445","Female","Less_than_HS","Yes","No","18_to_25","Yes",2
"446","Female","Some_College","Yes","Yes","26_to_34","Yes",3
"447","Female","HSGrad","Yes","Yes","35_or_older","Yes",2
"448","Male","HSGrad","No","Yes","35_or_older","No",0
"449","Male","College_Grad","Yes","Yes","26_to_34","Yes",9
"450","Male","HSGrad","No","Yes","26_to_34","Yes",1
"451","Male","Less_than_HS","No","No","26_to_34","Yes",0
"452","Male","HSGrad","No","Yes","35_or_older","Yes",2
"453","Female","Some_College","No","Yes","26_to_34","Yes",0
"454","Male","Less_than_HS","No","Yes","35_or_older","Yes",0
"455","Male","Some_College","No","Yes","35_or_older","No",2
"456","Male","Less_than_HS","No","Yes","18_to_25","Yes",0
"457","Male","HSGrad","No","Yes","18_to_25","Yes",0
"458","Male","HSGrad","Yes","Yes","35_or_older","No",2
"459","Male","Some_College","No","Yes","35_or_older","Yes",3
"460","Male","Some_College","No","Yes","26_to_34","No",0
"461","Male","Some_College","No","Yes","35_or_older","Yes",1
"462","Male","Less_than_HS","No","Yes","26_to_34","Yes",0
"463","Female","HSGrad","Yes","Yes","26_to_34","No",2
"464","Male","Less_than_HS","Yes","Yes","26_to_34","Yes",1
"465","Male","Less_than_HS","No","Yes","18_to_25","Yes",0
"466","Male","HSGrad","No","Yes","18_to_25","Yes",1
"467","Male","Some_College","No","Yes","26_to_34","Yes",1
"468","Male","HSGrad","No","Yes","26_to_34","Yes",0
"469","Male","Some_College","No","Yes","35_or_older","Yes",2
"470","Female","College_Grad","No","Yes","35_or_older","Yes",0
"471","Female","Some_College","No","Yes","35_or_older","Yes",0
"472","Female","HSGrad","Yes","Yes","26_to_34","No",4
"473","Female","HSGrad","No","Yes","18_to_25","Yes",3
"474","Male","HSGrad","No","Yes","26_to_34","Yes",2
"475","Female","HSGrad","Yes","Yes","26_to_34","Yes",1
"476","Male","Less_than_HS","No","Yes","26_to_34","Yes",2
"477","Male","Less_than_HS","No","Yes","26_to_34","Yes",1
"478","Male","Less_than_HS","Yes","Yes","26_to_34","Yes",3
"479","Male","Less_than_HS","No","Yes","35_or_older","No",0
"480","Male","HSGrad","No","Yes","35_or_older","Yes",0
"481","Male","HSGrad","No","Yes","35_or_older","No",0
"482","Male","Less_than_HS","Yes","Yes","35_or_older","No",1
"483","Male","Some_College","No","Yes","26_to_34","Yes",0
"484","Male","Some_College","No","Yes","26_to_34","Yes",0
"485","Male","College_Grad","No","Yes","35_or_older","No",0
"486","Male","Less_than_HS","No","Yes","26_to_34","Yes",1
"487","Male","Less_than_HS","Yes","Yes","26_to_34","Yes",2
"488","Male","HSGrad","No","Yes","35_or_older","Yes",2
"489","Male","Less_than_HS","No","Yes","35_or_older","Yes",0
"490","Male","Less_than_HS","No","Yes","35_or_older","Yes",0
"491","Female","Less_than_HS","Yes","Yes","35_or_older","Yes",2
"492","Male","Some_College","No","Yes","18_to_25","No",0
"493","Male","HSGrad","No","Yes","35_or_older","No",0
"494","Female","HSGrad","Yes","Yes","26_to_34","Yes",3
"495","Male","Less_than_HS","No","Yes","26_to_34","No",0
"496","Male","Some_College","No","Yes","26_to_34","No",0
"497","Male","Some_College","No","Yes","35_or_older","Yes",0
"498","Male","HSGrad","No","Yes","35_or_older","Yes",1
"499","Male","HSGrad","No","No","35_or_older","No",1
"500","Female","HSGrad","Yes","Yes","26_to_34","No",3
"501","Male","Less_than_HS","No","Yes","35_or_older","No",3
"502","Female","Less_than_HS","No","Yes","35_or_older","Yes",0
"503","Male","Less_than_HS","No","Yes","35_or_older","Yes",0
"504","Male","Less_than_HS","No","No","35_or_older","Yes",0
"505","Male","Less_than_HS","Yes","Yes","35_or_older","Yes",2
"506","Male","Less_than_HS","No","Yes","35_or_older","No",0
"507","Male","HSGrad","Yes","Yes","26_to_34","No",5
"508","Male","Some_College","No","Yes","35_or_older","No",2
"509","Male","Some_College","No","Yes","26_to_34","No",2
"510","Male","HSGrad","No","Yes","26_to_34","No",1
"511","Male","HSGrad","No","Yes","26_to_34","Yes",1
"512","Male","Some_College","No","Yes","35_or_older","Yes",0
"513","Male","Less_than_HS","No","Yes","18_to_25","Yes",0
"514","Male","Less_than_HS","No","Yes","35_or_older","Yes",0
"515","Male","College_Grad","No","Yes","35_or_older","No",1
"516","Female","HSGrad","No","Yes","26_to_34","Yes",3
"517","Male","HSGrad","No","Yes","35_or_older","No",1
"518","Male","Some_College","No","Yes","35_or_older","Yes",2
"519","Female","Less_than_HS","Yes","Yes","35_or_older","Yes",1
"520","Male","Less_than_HS","No","Yes","18_to_25","No",0
"521","Female","HSGrad","Yes","Yes","26_to_34","Yes",3
"522","Male","Less_than_HS","No","Yes","35_or_older","No",0
"523","Male","HSGrad","No","Yes","26_to_34","No",1
"524","Male","Less_than_HS","No","Yes","18_to_25","No",0
"525","Male","HSGrad","Yes","Yes","26_to_34","Yes",1
"526","Male","HSGrad","No","Yes","35_or_older","Yes",2
"527","Male","Less_than_HS","No","Yes","26_to_34","No",0
"528","Male","HSGrad","No","Yes","26_to_34","No",0
"529","Male","Less_than_HS","No","Yes","18_to_25","Yes",0
"530","Male","HSGrad","Yes","Yes","26_to_34","No",1
"531","Male","HSGrad","No","Yes","26_to_34","No",0
"532","Male","Less_than_HS","No","Yes","26_to_34","Yes",0
"533","Male","College_Grad","Yes","Yes","35_or_older","Yes",1
"534","Male","Less_than_HS","No","Yes","35_or_older","Yes",0
"535","Male","Less_than_HS","No","Yes","35_or_older","No",0
"536","Male","HSGrad","No","Yes","35_or_older","No",0
"537","Male","Less_than_HS","No","Yes","26_to_34","No",0
"538","Female","HSGrad","No","Yes","26_to_34","Yes",0
"539","Male","HSGrad","No","Yes","35_or_older","Yes",0
"540","Male","Less_than_HS","No","Yes","26_to_34","No",0
"541","Male","Some_College","No","Yes","26_to_34","Yes",2
"542","Male","HSGrad","No","Yes","35_or_older","Yes",1
"543","Male","HSGrad","No","Yes","35_or_older","No",3
"544","Male","Some_College","No","Yes","35_or_older","No",1
"545","Male","HSGrad","No","Yes","26_to_34","No",1
"546","Male","Less_than_HS","No","Yes","35_or_older","No",0
"547","Male","Less_than_HS","Yes","Yes","26_to_34","Yes",3
"548","Male","HSGrad","No","Yes","35_or_older","No",0
"549","Male","Less_than_HS","No","Yes","35_or_older","Yes",2
"550","Male","Less_than_HS","No","Yes","35_or_older","Yes",0
"551","Male","HSGrad","No","Yes","35_or_older","Yes",0
"552","Male","HSGrad","No","Yes","26_to_34","No",1
"553","Male","HSGrad","No","Yes","35_or_older","Yes",1
"554","Male","Less_than_HS","No","Yes","35_or_older","Yes",2
"555","Female","Less_than_HS","No","Yes","35_or_older","No",0
"556","Male","Less_than_HS","No","Yes","26_to_34","No",0
"557","Male","HSGrad","No","Yes","26_to_34","Yes",0
"558","Male","Some_College","No","Yes","26_to_34","Yes",0
"559","Male","Less_than_HS","Yes","Yes","26_to_34","Yes",1
"560","Male","Some_College","No","Yes","18_to_25","No",0
"561","Male","Less_than_HS","No","Yes","26_to_34","Yes",1
"562","Female","HSGrad","Yes","Yes","26_to_34","No",5
"563","Male","HSGrad","Yes","Yes","18_to_25","Yes",1
"564","Male","Less_than_HS","No","Yes","18_to_25","Yes",0
"565","Male","HSGrad","No","Yes","35_or_older","No",0
"566","Male","Less_than_HS","No","No","18_to_25","Yes",0
"567","Male","HSGrad","No","Yes","26_to_34","Yes",0
"568","Male","Less_than_HS","No","Yes","35_or_older","Yes",0
"569","Male","Less_than_HS","No","Yes","35_or_older","No",0
"570","Female","HSGrad","Yes","Yes","18_to_25","No",2
"571","Male","HSGrad","No","Yes","18_to_25","No",0
"572","Male","HSGrad","No","Yes","26_to_34","No",0
"573","Male","Less_than_HS","No","Yes","35_or_older","Yes",0
"574","Male","HSGrad","No","Yes","26_to_34","Yes",1
"575","Male","Some_College","No","Yes","35_or_older","No",0
"576","Male","HSGrad","No","Yes","35_or_older","No",2
"577","Male","Less_than_HS","No","No","18_to_25","Yes",0
"578","Male","HSGrad","No","Yes","18_to_25","No",0
"579","Female","Some_College","No","Yes","26_to_34","Yes",1
"580","Male","HSGrad","No","No","35_or_older","No",0
"581","Male","Less_than_HS","No","Yes","26_to_34","No",0
"582","Male","Some_College","No","Yes","35_or_older","Yes",0
"583","Female","College_Grad","No","Yes","35_or_older","Yes",1
"584","Male","HSGrad","No","Yes","35_or_older","Yes",0
"585","Male","Less_than_HS","No","Yes","26_to_34","No",2
"586","Male","Some_College","No","No","26_to_34","Yes",0
"587","Male","Less_than_HS","No","Yes","26_to_34","Yes",1
"588","Male","HSGrad","No","Yes","26_to_34","Yes",0
"589","Male","Some_College","Yes","Yes","35_or_older","Yes",1
"590","Male","Some_College","No","Yes","35_or_older","Yes",3
"591","Male","Less_than_HS","No","Yes","35_or_older","Yes",0
"592","Male","Less_than_HS","No","Yes","26_to_34","Yes",1
"593","Male","Some_College","No","Yes","35_or_older","Yes",1
"594","Male","Less_than_HS","No","Yes","35_or_older","Yes",1
"595","Male","Less_than_HS","No","Yes","35_or_older","Yes",0
"596","Male","HSGrad","No","Yes","35_or_older","Yes",3
"597","Male","Some_College","No","Yes","18_to_25","Yes",2
"598","Male","Some_College","Yes","Yes","35_or_older","No",1
"599","Male","HSGrad","No","Yes","35_or_older","Yes",1
"600","Male","Less_than_HS","No","Yes","35_or_older","Yes",0
"601","Male","HSGrad","No","Yes","26_to_34","Yes",2
"602","Male","HSGrad","No","Yes","26_to_34","Yes",1
"603","Male","Less_than_HS","No","Yes","35_or_older","No",0
"604","Male","HSGrad","No","Yes","26_to_34","No",1
"605","Male","Some_College","No","Yes","35_or_older","Yes",2
"606","Male","HSGrad","No","Yes","35_or_older","Yes",0
"607","Male","Less_than_HS","No","Yes","35_or_older","Yes",2
"608","Male","Less_than_HS","No","Yes","35_or_older","Yes",1
"609","Male","Less_than_HS","No","Yes","35_or_older","Yes",1
"610","Male","Less_than_HS","No","Yes","18_to_25","Yes",0
"611","Male","Less_than_HS","No","Yes","35_or_older","No",0
"612","Male","College_Grad","No","Yes","35_or_older","Yes",0
"613","Male","Less_than_HS","No","Yes","35_or_older","Yes",2
"614","Male","HSGrad","No","Yes","35_or_older","No",0
"615","Female","Less_than_HS","No","Yes","35_or_older","No",1
"616","Male","Less_than_HS","No","Yes","18_to_25","Yes",0
"617","Male","HSGrad","No","No","35_or_older","Yes",2
"618","Female","HSGrad","Yes","Yes","18_to_25","No",2
"619","Male","HSGrad","No","Yes","26_to_34","Yes",0
"620","Male","HSGrad","Yes","Yes","26_to_34","Yes",1
"621","Female","Less_than_HS","No","No","26_to_34","Yes",2
"622","Female","Less_than_HS","No","Yes","35_or_older","Yes",4
"623","Male","HSGrad","No","Yes","26_to_34","Yes",0
"624","Female","HSGrad","Yes","Yes","18_to_25","No",2
"625","Male","HSGrad","No","Yes","35_or_older","Yes",0
"626","Male","HSGrad","No","Yes","26_to_34","Yes",0
"627","Male","Less_than_HS","Yes","Yes","35_or_older","No",5
"628","Male","Less_than_HS","No","Yes","26_to_34","No",1
"629","Male","HSGrad","No","Yes","35_or_older","No",0
"630","Male","HSGrad","No","Yes","35_or_older","No",0
"631","Female","HSGrad","Yes","Yes","26_to_34","No",2
"632","Male","HSGrad","No","Yes","18_to_25","Yes",2
"633","Male","HSGrad","No","Yes","35_or_older","Yes",0
"634","Male","HSGrad","No","Yes","26_to_34","Yes",0
"635","Male","HSGrad","No","Yes","26_to_34","Yes",0
"636","Male","HSGrad","No","No","35_or_older","Yes",0
"637","Male","HSGrad","No","Yes","26_to_34","Yes",1
"638","Male","Some_College","No","Yes","35_or_older","Yes",0
"639","Male","HSGrad","Yes","Yes","26_to_34","Yes",1
"640","Male","HSGrad","Yes","Yes","26_to_34","Yes",1
"641","Male","Some_College","No","Yes","35_or_older","Yes",0
"642","Female","HSGrad","Yes","Yes","35_or_older","Yes",3
"643","Female","Less_than_HS","Yes","Yes","26_to_34","Yes",1
"644","Male","HSGrad","No","Yes","26_to_34","Yes",0
"645","Female","HSGrad","Yes","Yes","18_to_25","No",2
